{
  "mAP50": 0.7662766695517658,
  "mAP50-95": 0.5534993670646882,
  "precision": 0.8205329792093736,
  "recall": 0.7166541487177824
}