{
  "mAP50": 0.7576014785843372,
  "mAP50-95": 0.5461350602656503,
  "precision": 0.8068001370992255,
  "recall": 0.7051269829352375
}