{
  "mAP50": 0.747441821271128,
  "mAP50-95": 0.533198638677232,
  "precision": 0.794013522221865,
  "recall": 0.7039198477495602
}